mining_method,sorting_method,concentration_method,smelting_method,energy_source,product_type,ore_grade,transport_km,manufacturing_efficiency,recycling_rate,total_emissions_kgCO2e_per_t,total_energy_MJ_per_t,total_waste_kg_per_t
open_pit,manual,flotation,electric_arc,gas,steel,100.0,269.0886268985469,80.6619800225723,31.889642577971706,2991.551145994688,12151.059421663247,404.7005876754223
underground,manual,magnetic,blast_furnace,renewable,steel,100.0,254.50901108127985,82.6138022572101,73.5402700901486,2559.7727347368927,10302.106845655066,520.7214800423442
underground,manual,magnetic,blast_furnace,renewable,aluminum,100.0,907.1920347158264,86.13913591314468,57.56954719874672,2194.8856578849454,7557.921363948012,424.2840298781887
underground,sensor_based,flotation,blast_furnace,gas,steel,81.2571472291849,257.05073785101104,75.46154384614823,22.21787067121709,3367.8089496974767,14231.846408132891,525.4568923724498
open_pit,manual,flotation,electric_arc,grid_mix,steel,87.50810499629955,279.2302288673447,78.01238316519583,8.559029300072797,2370.7110424318835,12560.103919945748,572.7890893924209
